Company Name,Practice Type,URL,Phone Number,Owner Name,Time,Date Booked,Meeting Date,Meeting Status,Next Step,Credit
Kievit Dentistry,Dentist,http://www.kievitdentistry.com/,(860) 521-6767,Alyssa / Rob Kievit,,5/5/25,8/27/25,Cancelled,,
Lafreniere Eyecare,Dentist,https://bracesofmaine.com/contact-us/?utm_source=google&utm_medium=mybusiness,(603) 692-3020,Dr. Charles F. LaFreniere,,7/30/25,1/19/25,Scheduled,,
Advanced Dental of Wallingford,Dentist,https://www.advanceddentalwallingford.com/,(203) 269-4730,Ryan Ku,,5/19/25,5/28/25,Cancelled,,
"Greenwich Dental Group | David A. Zadik DDS, Steven Altman DMD and Marc J. Novak DMD",Dentist,https://www.greenwichdentalgroup.com/,(203) 869-3984,Dr. David Zadik,,6/16/25,6/30/25,Ran,,
"Michael K. Hwang, DMD, LLC",Dentist,http://www.easthartfordctdentist.com/,(860) 528-3427,"Michael K. Hwang, DMD",,6/3/25,6/9/25,Ran,,
Smile Design Boston,Dentist,http://www.windsorfamilydentists.com/,(617) 314-6399,Dr. Andre Hashem,,7/21/25,8/13/25,Scheduled,,
Coletti Family Dentistry,Dentist,https://www.colettifd.com/,(781) 862-8662,Dr. Matthew Coletti,,8/13/25,,Scheduled,,
Biddeford Saco Orthodontics,Dentist,https://www.familydentalandortho.com/boston?utm_source=gmb&utm_medium=organic&utm_campaign=gmborganic,(207) 503-0023,Dr. Amanda Paradis,,7/24/25,8/7/25,Scheduled,,
Harvey Family Dental,Dentist,http://harveydentalma.com/,(617) 675-1500,Dr. Harvey,,6/27/25,7/9/25,Cancelled,,
Dr. Samvel Martirosyan DMD,Dentist,http://smdentalma.com/,(617) 923-0669,Dr. Samvel Martirosyan,,8/13/25,1/18/25,Ran,,
Advanced Cosmetic and Implant Dentistry,Dentist,https://www.hartfordcosmeticdentist.com/locations/glastonbury-office/?utm_source=GBP,(860) 659-8660,Dr. Avinash S. Bidra,,5/19/25,6/2/25,Cancelled,,
The Face Dental Group,Dentist,https://www.facedentalgroup.com/,(617) 236-5969,Dr. James Katib,,6/24/25,7/18/25,Cancelled,,
Comprehensive Dental Care,Dentist,https://www.westhartforddentalcare.com/,(860) 233-7514,Dr. Joe Parets,,4/18/25,5/7/25,Cancelled,,
Litchfield Dental Associates,Dentist,https://litchfielddentalassociates.com/,(860) 567-9488,Dr. Steven Sideris,,6/3/25,6/11/25,Ran,,
Stafford Dental Associates LLC,Dentist,http://stafforddentalassociates.com/,(860) 684-5296,Dr. David Janton,,5/14/25,5/28/25,Cancelled,,
Dental Arts of Boston,Dentist,http://www.bostoncosmeticdentistma.com/,(857) 376-6559,George Stevens,,6/24/25,7/10/25,Ran,,
Farmington Avenue Dental Care,Dentist,https://farmingtonavedentalcare.com/,(860) 200-3922,Robert Katz,,5/22/25,6/11/25,Scheduled,,
Arsenal Modern Dentistry,Dentist,https://www.arsenalmoderndentistry.com/?sc_cid=GBP%3AO%3AGP%3A1024%3AOrganic_Search%3AGeneral%3Ana&_vsrefdom=organic_gbp&y_source=1_NTgzOTAzMjEtNzE1LWxvY2F0aW9uLndlYnNpdGU%3D,(857) 263-3895,Brock Riedel,,8/13/25,,Scheduled,,
AP Dental - Staniford Street,Dentist,https://bostonsmilesdental.com/,(617) 581-0689,Dr. Anya Pukhovitskaya,,7/22/25,8/4/25,Scheduled,,
"Central Connecticut Invisalign, Sleep Apnea and TMJ Clinic",Dentist,https://sleepapneaandtmjclinic.com/?utm_campaign=gmb,(860) 544-2108,Dr. Keith Hollinger,,5/7/25,5/29/25,Cancelled,,
"Stuparich & Nouel Dental Associates: Drs. Mauro Stuparich, DDS & Alexandra Nouel, DDS",Dentist,https://www.abostonsmile.com/?utm_source=boston-ma-listing&utm_medium=gmb&utm_campaign=seo&utm_content=website,(617) 468-7443,Dr. Mauro Stuparich,,6/24/25,7/15/25,Cancelled,,
Leather District Dental,Dentist,http://www.leatherdistrictdental.com/,(617) 338-0833,Dr. Michelle Vo,,6/24/25,6/30/25,Ran,,
Norwich Family Dental Associates,Dentist,http://www.norwichfamilydentalassociates.com/,(860) 886-2497,Dr. Snayd,,7/17/25,7/23/25,Cancelled,,
Blue Wave Orthodontics LLC,Dentist,https://www.bluewaveorthodontics.com/?utm_source=google.com&utm_medium=business+profile,(203) 202-7610,Dr. Peter Maro,,6/12/25,7/1/25,Ran,,
Noxon Orthodontics,Dentist,http://noxonorthodontics.com/,(781) 235-7181,Dr. Stephen Noxon,,8/13/25,,Scheduled,,
Uncasville Dental Associates,Dentist,https://www.uncasvilledentalassociates.com/?utm_source=GMB&utm_medium=Organic,(860) 848-2216,Dr. Krutiben Patel,,5/5/25,5/30/25,Cancelled,,
Ark Dental,Dentist,http://www.arkdentalct.com/,(203) 838-3321,Dr. Seung Yub Song,,6/10/25,6/16/25,Ran,,
Masterpiece Dentistry @ Copley,Dentist,http://www.familydentistnewhaven.com/,(617) 266-6020,John Pappas,,7/21/25,8/5/25,Scheduled,,
Marlborough Dentist - Union Dental - MA,Dentist,https://www.theuniondental.com/dentist-marlborough,(508) 481-4200,Dr. Tony Tong,,6/26/25,7/11/25,Ran,checked,checked
Orthodontic Associates,Dentist,https://centerforeyehealth.com/,(207) 885-4850,"Bruce J. Podhouser, DMD",,7/25/25,8/18/25,Scheduled,,
Reidville Dentistry & Implants,Dentist,http://reidvilledentistry.com/,(203) 575-9120,Dr. Petro Matsyshyn,,5/7/25,5/22/25,Cancelled,,
Winchester Optical,Dentist,https://theperiostudio.com/,(781) 729-4553,Joseph Deering,,7/23/25,8/6/25,Scheduled,,
Weston Dental Group,Dentist,https://www.westondentalgroup.com/,(781) 386-2105,"Maria Moser, D.M.D., C.A.G.S.",,8/13/25,1/20/25,Scheduled,,
Watertown Family Dental,Dentist,http://eilersfamilydental.com/,(617) 923-0233,Perichole Eilers,,7/10/25,8/11/25,Scheduled,,
Scali Dental Associates,Dentist,http://www.scalidental.com/,(617) 489-7900,Dr. Philip P. Scali,,7/10/25,7/14/25,Cancelled,,
Integrity Dental of Greenwich,Dentist,https://www.integritydentalgreenwich.com/,(203) 531-5595,Dr. Thomas Anzalone,,6/3/25,6/10/25,Ran,,
A Beautiful Smile Dentistry,Dentist,https://www.absboston.com/,(617) 390-5371,Dr. Jim ,,6/26/25,7/16/25,Ran,checked,checked
Wellesley Square Dental,Dentist,http://wellesleysquaredental.com/,(781) 235-5404,"Bradford R. Mattison, DMD",,7/8/25,7/22/25,Cancelled,,
"Hoyt Street Dental - Dr. Eric E. Navok DMD - Implant, Emergency, Sedation Dentistry",Dentist,http://hoytstreetdental.com/,(203) 323-5820,Dr. Eric Navok,,7/21/25,8/4/25,Scheduled,,
"Michael Nocerino, D.D.S.",Dentist,http://www.michaelnocerinodds.com/,(203) 335-4413,Michael Anthony Nocerino,,6/11/25,6/16/25,Scheduled,,
Steven F Hinchey DMD - Glastonbury Dentist,Dentist,https://dochincheydmd.com/?utm_source=GMB&utm_medium=Organic,(860) 357-5028,Steven F. Hinchey,,5/19/25,5/30/25,Cancelled,,
South Main Dental,Dentist,https://smaindental.com/,(860) 618-7444,Dr. Sreenivasulu Panguluri,,5/19/25,6/3/25,Cancelled,,
Signature Smiles Family & Implant Dentistry,Dentist,https://www.signaturesmilesct.com/manchester-office?utm_source=Google&utm_medium=GMB&utm_campaign=GMB%20Tracking,(860) 644-1095,Dr. Jatinder Sharma,,5/8/25,5/21/25,Ran,,
Concierge Physicians of Westport,Dentist,https://www.congressdentalgroup.com/,(203) 571-3000,Dr. Baum,,7/22/25,8/5/25,Scheduled,,
William Fessler Family Dentistry,Dentist,https://www.wfesslerdds.com/,(203) 838-3939,William Fessler,,6/9/25,6/30/25,Ran,,
"Maewall Dental Care, LLC",Dentist,http://www.maewall.com/,(781) 235-7399,"Renu Maewall, DMD",,8/13/25,1/1/25,Scheduled,,
Coastal Eye & Wellness,Dentist,https://silvafamilydentistry.com/,(603) 632-3500,"Dr. Christi Marrow, OD and Dr. Greg Marrow, OD",,7/31/25,1/19/25,Scheduled,,
"Newtonville Dental Associates, Dr. Sarah Jordan",Dentist,http://www.newtonvilledental.com/,(617) 558-8848,"Sarah K. Jordan, DMD",,8/13/25,,Scheduled,,
David E Palozej Eyecare Associates,Dentist,https://ap.dental/,(860) 684-2191,David Palozej,,7/22/25,8/5/25,Scheduled,,
"Lexington Periodontics & Implantology, LLC",Dentist,http://www.lexingtonperiodontics.com/,(781) 861-7777,Dr. Zori Rabinovitz,,8/14/25,1/25/25,Scheduled,,
Family Dentistry - Thomas Puschak DMD,Dentist,http://www.familydentistrylexingtonma.com/,(781) 863-8333,"Thomas Puschak, DMD",,6/27/25,7/7/25,Ran,,
All Bright Dental,Dentist,http://www.milleniumdental.net/,(203) 324-7596,Dr. Gennadiy Kravets,,7/22/25,8/5/25,Scheduled,,
Boston Prosthodontics Dental Group,Dentist,https://www.bostonprosthodontics.com/,(617) 523-5451,Dr. Kenneth Malament,,6/24/25,7/15/25,Ran,checked,
Dr. Jason R. Tubo - Boston Implant & Aesthetic Dentistry,Dentist,https://www.fixtdentalimplants.com/,(617) 843-6740,Dr. Jason Tubo,,6/27/25,7/15/25,Cancelled,,
Copley View Dental Associates,Dentist,http://www.copleysmiles.com/,(617) 536-6668,Paul Scull,,7/22/25,8/31/25,Scheduled,,
Meola Dental Group - Needham,Dentist,https://smileandskin.com/office-locations/dentists-needham-ma/,(781) 449-0477,Dr. Damian D. Meola,,6/26/25,7/8/25,Ran,,
AAA Dental Care,Dentist,http://www.aaadentalstamford.com/,(203) 663-3737,Dr. Andrew Kim,,7/21/25,8/11/25,Scheduled,,
Dearfield Family Dentistry - Stamford,Dentist,https://www.dearfielddentistry.com/,(203) 717-1717,Dr. Rishi Gogate,,5/21/25,6/9/25,Cancelled,,
Simply Dental of Stamford,Dentist,http://www.simplydentalstamford.com/,(203) 973-7700,Janmeet Grover,,6/12/25,6/27/25,Cancelled,,
Newfield Dental of Stamford,Dentist,http://www.stamforddentist.com,(203) 890-9300,Dr. Poon,,7/21/25,8/4/25,Scheduled,,
Hopmeadow Dental,Dentist,https://hopmeadowdental.com/,(860) 854-4463,Dr. Sawka,,6/17/25,6/26/25,Scheduled,,
Wellesley Dental Implants & Periodontics,Dentist,http://www.wellesleyimplant.com/,(781) 235-6710,Dr. Samuel Koo,,8/13/25,,Scheduled,,
Connecticut Family Dental Group,Dentist,https://www.dentist-rocky-hill.com/,(860) 756-5423,"Joseph S. Ciarcia, D.M.D.",,6/16/25,7/29/25,Cancelled,,
Randolph Family Dentistry,Dentist,http://www.randolphfamilydentistry.com/,(781) 963-0860,Eyad Salloum,,6/26/25,7/16/25,Cancelled,,
Charter Oak Dental,Dentist,http://www.charteroakdental.us/,(860) 224-0797,Dr. Lopa Shah,,5/13/25,5/13/25,Cancelled,,
Anchor Eye Center,Dentist,http://www.newfielddental.com/,(860) 650-0040,Dr. Bortz,,7/16/25,8/4/25,Scheduled,,
Linhart Dentistry Greenwich,Dentist,http://www.drlinhart.com/,(203) 661-2279,Dr. Jan Linhart,,6/18/25,7/30/25,Ran,,
Cote Marguerite OD,Dentist,http://www.dentistgentle.com/,(603) 669-2043,"Marguerite Cote, O.D.",,7/31/25,9/19/25,Scheduled,,
"Charles Street Dental: Sarah Lee, DMD",Dentist,https://www.charlesstdental.com/,(617) 226-2822,Dr. Sarah B. Lee,,6/24/25,7/9/25,Cancelled,,
Riverwalk Dental Care,Dentist,https://www.riverwalkdentalcarect.com/,(203) 286-8668,Dr. David Nill,,6/9/25,8/25/25,Scheduled,,
Harbor Eyecare Center,Dentist,https://baybreezedentistry.com/?utm_campaign=gmb,(603) 430-0211,Dr. Sarah Hudson,,7/31/25,1/20/25,Scheduled,,
JB Orthodontics,Dentist,https://www.jborthodonticsct.com/,(203) 866-7806,Dr. John Bibko,,6/10/25,6/19/25,Ran,,
Gentle Family Dentistry,Dentist,http://www.sveyecare.com/,(603) 926-4575,"Dr. Bei Li, DMD",,7/30/25,,Scheduled,,
Unident Dental Group Walpole,Dentist,https://unidentdentalcenters.com/,(508) 668-1151,Dr. Pradeep Bholla,,6/26/25,7/9/25,Cancelled,,
Westport Dental Associates,Dentist,https://www.westportdental.com/,(203) 227-3709,Adam J. Freeman,,6/6/25,6/19/25,Scheduled,,
Au Blanc Aesthetics,Dentist,https://dentalbydesign.com/au-blanc/,(781) 235-6616,Dr. Tarek Shaib,,6/30/25,8/8/25,Scheduled,,
Berlin Family Dental,Dentist,http://www.berlindentalct.com/,(860) 225-2054,Hashim Gibril,,4/18/25,4/29/25,Ran,,
Cordial Dental,Dentist,https://cordialdental.com/,(203) 354-3771,Dr. Rosabel Tobar,,6/6/25,6/18/25,Cancelled,,
Greater Boston Dental,Dentist,http://www.greaterbostondentist.com/,(617) 924-7301,Dr. Mark Strokowski,,8/13/25,1/21/25,Scheduled,,
Limited to Endodontics,Dentist,https://www.limitedtoendodontics.com/,(781) 863-5700,Dr. Alvin Arlen Krakow,,8/14/25,8/29/25,Scheduled,,
Wellesley Dental Arts - Washington Street,Dentist,https://www.wellesleydentist.com/?utm_source=GMB&utm_medium=Organic&utm_campaign=washington_street,(781) 237-1121,Tania Rohany,,7/8/25,7/22/25,Cancelled,,
Capital Vision Center,Dentist,http://www.deepareddydmd.com/,(603) 226-0855,Dr. Tyler J. Weber,,7/31/25,1/21/25,Scheduled,,
West Hartford Dental PC,Dentist,http://www.whartforddental.com/,(860) 523-9916,Dr. Qianying Jane Yin,,5/12/25,6/5/25,Ran,,
Capitol Dental Associates LLC,Dentist,https://www.capitoldentalassociates.com/,(860) 247-5130,Gregory B. Haroian,,5/22/25,6/11/25,Ran,,
Care Dental Center,Dentist,https://www.caredentaldt.com/,(860) 296-7460,Dr. Vipul A Patel,,5/7/25,5/21/25,Ran,,
Gorgeous Smiles Dental Manchester CT,Dentist,https://www.firstlinedental.com/,(860) 327-5990,Dr. Kahn,,5/5/25,5/14/25,Ran,,
West Newton Dental Associates,Dentist,https://www.westnewtondental.com/,(617) 379-6112,Dr. Joseph Lee,,8/13/25,1/22/25,Scheduled,,
Wellesley Smiles Dental Professionals,Dentist,https://www.wellesleysmiles.com/?utm_source=google&utm_medium=google_business_profile&utm_campaign=website_click,(781) 730-6951,Dr. Alberto Sarmiento,,7/10/25,8/19/25,Ran,checked,checked
Excellence Dental Care PLLC,Dentist,http://evisdmdexcellencedental.com/,(781) 444-2732,Dr. Evis Myftiu,,6/30/25,7/18/25,Ran,,
Dr. Zhuoran Li,Dentist,https://theperiostudio.com/,(508) 232-4012,Zhuoran Li,,7/23/25,8/6/25,Scheduled,,
Endo Associates of Greenwich,Dentist,https://eaofgreenwich.com/,(203) 293-2422,Dr. Evan D. Christensen,,6/11/25,6/19/25,Cancelled,,
CT Family Dentistry,Dentist,https://ctfamilydentistry.com/,(860) 646-1704,Dr. Matthew Rogers,,5/6/25,5/14/25,Cancelled,,
Soap Dental,Dentist,https://soapdentalnatick.com/,(508) 474-7314,Dr. Bob Cheng,,6/27/25,7/8/25,Ran,,
Dr. Jennifer Arscott,Dentist,http://anfamilydentistry.com/,(203) 637-3102,Dr. Alireza Namjoo,,7/15/25,7/31/25,Cancelled,,
Boston Smiles,Dentist,https://www.sunshinedentalmanchester.com/,(617) 982-2233,Dr. Jessika Jahnsen,,7/21/25,8/5/25,Scheduled,,
"Greenwich Smiles, PLLC",Dentist,https://greenwichsmiles.com/,(203) 930-1805,Robert N. Tramposch,,6/5/25,6/19/25,Cancelled,,
Cronin & Murphy: Windsor Family Dentists,Dentist,http://www.windsorfamilydentists.com/,(860) 683-2270,Thomas F. Cronin,,5/12/25,6/11/25,Cancelled,,
Family Smile Center,Dentist,http://www.jodiclevydds.com/,(860) 646-0230,Dr. Jodi C. Levy,,5/5/25,5/19/25,Cancelled,,
"Smile Solutions - Dental Excellence - John W. Stevens, D.D.S., P.C.",Dentist,http://www.smilesolutionsdental.us/,(860) 456-3214,Dr. John Stevens,,5/21/25,6/12/25,Ran,,
"Dr Luhao Chen DDS, C & C Dental",Dentist,http://www.candcbrookline.com/,(617) 505-3567,Luhao Chen,,6/26/25,7/9/25,Ran,,
Meyer Family Dentistry,Dentist,https://biddefordsacoorthodontics.com/,(603) 942-8000,Dr. Kimberly Meyer,,7/30/25,,Scheduled,,
McAlear Eye Care,Dentist,http://www.centralsquaresmiles.com/,(781) 331-4004,Dr. Thomas J. McAlear,,7/24/25,8/7/25,Scheduled,,
North End Dental Associates,Dentist,http://www.pareek.us/,(617) 523-7860,Dr. Sara Pareek,,6/24/25,7/7/25,Scheduled,,
Pollack Orthodontics,Dentist,http://www.pollackortho.com/,(860) 289-5159,Dr. Mark Pollack,,5/8/25,5/20/25,Ran,,
"Smiles for the Future, Pediatric Dentistry Orthodontics & Adult Dentistry",Dentist,http://www.smilesforthefuture.com/,(860) 633-5246,Gary S. Schulman,,5/15/25,6/5/25,Cancelled,,
Westville Family Dental,Dentist,http://www.familydentistnewhaven.com/,(475) 265-5730,Dr. Stanley Jacob,,,6/5/25,Cancelled,,
Cohen‘s Fashion Optical,Dentist,http://meyerfamilydentistry.com/,(603) 888-6500,Jack Cohen,,7/31/25,8/18/25,Scheduled,,
Westport Family Dental,Dentist,http://www.westportfamilydental.com/,(203) 254-8008,Dr. Rebekah Browder,,6/17/25,6/24/25,Cancelled,,
Deepa Reddy DMD PLLC,Dentist,http://www.norteydental.com/,(603) 332-5429,Dr. Deepa Reddy,,7/30/25,,Scheduled,,
Rosenberg Orthodontics,Dentist,https://www.rosenbergortho.com/west-hartford-office?utm_source=google&utm_medium=localsearch&utm_campaign=gmb,(860) 773-0602,Dr. Barry Rosenberg,,5/12/25,5/17/25,Ran,,
Advanced Family & Cosmetic Dentistry,Dentist,https://www.afacd.com/,(860) 854-7188,Dr. John Pavlakis,,5/19/25,5/29/25,Cancelled,,
Milford Dentist Office,Dentist,https://www.milforddentistoffice.com/?sc_cid=GBP%3AO%3AGP%3A938%3AOrganic_Search%3AGeneral%3Ana&_vsrefdom=organic_gbp&y_source=1_MTEyNTczNzAtNzE1LWxvY2F0aW9uLndlYnNpdGU%3D,(781) 325-1091,Kelly Bliss,,6/26/25,7/7/25,Ran,,
"Jeffrey A. Harrison, DMD ~ Metro West Dental",Dentist,https://www.metrowestdental.org/,(781) 237-7400,Jeffrey A. Harrison,,8/13/25,,Scheduled,,
Sunshine Dental of Manchester,Dentist,https://www.sunshinedentalmanchester.com/,(860) 432-8881,Dr. Kapoor,,5/6/25,5/15/25,Cancelled,,
Dental Health and Wellness Boston,Dentist,http://www.dentalhealthandwellnessboston.com/,(617) 742-1220,Dr. Jill B. Smith,,6/24/25,7/9/25,Ran,,
Family Dentistry of Central Connecticut,Dentist,https://www.familydentistryofcentralct.com/?utm_source=GMBListing&utm_medium=Organic,(860) 438-6687,Dr. Maggie Drozdowski Maule,,5/13/25,5/13/25,Cancelled,,
Trepp & Miller,Dentist,http://www.treppandmiller.com/,(203) 869-2510,Dr. Whitlow ,,6/17/25,6/23/25,Ran,checked,checked
Dolan Dental Group,Dentist,https://www.dolandental.com/,(860) 529-2000,Dr. Brendan Dolan,,5/22/25,6/10/25,Ran,,
"East Cedar Dental, Inc of Newington",Dentist,https://dentistnewington.com/,(860) 667-0875,Dr. Aaron Farrokh,,5/5/25,5/14/25,Ran,,
Orlen Eye Care,Dentist,http://www.allbrightdentalny.com/,(860) 741-0231,Dr. Joshua Orlen,,5/21/25,8/21/25,Scheduled,,
Wellesley Endodontics,Dentist,http://www.wellesleyendo.com/,(781) 237-1801,Maryam Shomali,,7/10/25,7/23/25,Cancelled,,
"Newton & Concord Family Orthodontics - Orthodontist in Newton, MA",Dentist,https://www.drmillerbraces.net/,(617) 964-0073,Dr. Brian Miller,,8/13/25,8/20/25,Scheduled,,
Gillis Dental,Dentist,https://www.gillisdental.com/,(781) 202-6357,Dr. Fessler,,6/27/25,6/30/25,Ran,,
Medfield Dental PC,Dentist,http://www.medfielddental.com/,(508) 359-6900,Mari Bae,,6/26/25,7/15/25,Cancelled,,
Dr. Altman & Dr. Kwon Dental Group,Dentist,https://www.easthartforddentists.com/,(860) 528-3350,Dr. Allan Kwon,,5/12/25,5/28/25,Ran,,
South Shore Vision Care,Dentist,https://www.westnewtondental.com/,(781) 417-3667,Dr. Linda S. Botello,,7/24/25,8/5/25,Scheduled,,
I Smile Dental Studio PC,Dentist,https://www.ismiledentalstudioct.com/,(860) 247-1021,Dr. Connie Gao,,5/19/25,6/3/25,Cancelled,,
Middlebury Smiles,Dentist,https://www.middleburysmilesct.com/,(203) 598-7920,Dr. Alexa H. Kolbig,,5/16/25,5/30/25,Ran,,
Norwalk Dental Care,Dentist,https://norwalkdentalcare.com/,(203) 853-6626,Neetu Chopra,,6/9/25,6/17/25,Cancelled,,
"Dr. Alex Smolyar, DMD",Dentist,https://www.smolyardental.com/,(617) 712-2770,Dr. Alex Smolyar,,8/13/25,1/19/25,Scheduled,,
Coastal CT Dentistry,Dentist,https://www.coastalctdental.com/,(860) 447-1787,Dr. Vladislav Kiveliyk,,5/5/25,5/14/25,Ran,,
Pleasant Dental,Dentist,https://www.pleasantstreetdentist.com/,(508) 376-5448,Dr. Arthur Lew,,6/26/25,7/7/25,Ran,,
O'Trafford Dental Specialists,Dentist,https://www.otrafforddental.com/,(617) 859-8000,Dr. Amir Mohsen Mahoozi,,6/24/25,7/8/25,Cancelled,,
River Park Dental,Dentist,https://www.riverparkdentalct.com/?utm_campaign=gmb&utm_medium=local&utm_source=google,(860) 752-1553,Dr. Niaz Ahmed,,5/19/25,6/3/25,Cancelled,,
"Elite Smiles Dental, Invisalign, Implants, Cosmetic Dentistry- Dr. Anatoliy Ravin- Dentist",Dentist,https://www.elitesmilesofct.com/,(860) 673-9141,Dr. Anatoliy Ravin,,5/7/25,6/17/25,Cancelled,,
Boston Dental - Seaport,Dentist,https://www.bostondental.com/,(617) 706-5000,Dr. Maged El-Malecki,,6/24/25,7/8/25,Cancelled,,
Select Dental,Dentist,https://selectdentalct.com/?utm_source=google&utm_medium=organic&utm_campaign=gmb&utm_id=gmb_listing,(860) 530-6421,Dr. Stuart Shoflick,,5/13/25,6/5/25,Cancelled,,
Dental Associates of Connecticut,Dentist,https://dentalassociates.us/our-dentists-orthodontists/fairfield-office-location/,(475) 348-8020,Dr. Fussilo,,5/12/25,6/4/25,Cancelled,,
Wellesley Endodontics,Dentist,http://www.wellesleyendo.com/,(781) 237-1801,Maryam Shomali,,8/13/25,,Scheduled,,
Modern Dentistry of New England,Dentist,https://www.moderndentistryne.com/,(860) 261-0926,Dr. Sherif Gabr,,5/19/25,6/4/25,Cancelled,,
"Stacy Temple DMD, PLLC",Dentist,https://www.stacytempledmd.com/,(781) 235-1146,Dr. Stacy Temple,,8/13/25,,Scheduled,,
Precision Dental Care,Dentist,https://dr-afkari.com/,(203) 838-5511,Dr. Michelle Afkari,,6/10/25,6/18/25,Ran,,
Infinity Oral Surgery,Dentist,https://infinityoralsurgery.com/,(203) 661-4231,Dr. Michele S. Bergen,,6/5/25,6/18/25,Cancelled,,
Perimenis Family Dental Practice,Dentist,http://www.perimenisdental.com/,(203) 348-1555,Dr. Peter M. Perimenis,,7/17/25,8/19/25,Scheduled,,
Mansfield Family Dental | Dentist in Mansfield CT | DMD,Dentist,https://smartdentalnetwork.com/location/mansfield-family-dental/,(860) 456-2906,Dr. Marc Czarnowski,,5/8/25,5/22/25,Ran,,
Congress Dental Group,Dentist,https://www.congressdentalgroup.com/,(617) 574-8700,Robert Page,,6/24/25,7/10/25,Ran,,
The Stein Dental Group,Dentist,https://thesteindentalgroup.com/,(203) 329-8444,Dr. Micahel Stein,,7/17/25,7/30/25,Cancelled,,
Buckland Hills Dental,Dentist,https://www.bucklandhillsdental.com/?utm_source=google&utm_medium=google_business_profile&utm_campaign=website_click,(860) 644-0099,Dr. Sueyoung Chi,,5/7/25,6/27/25,Cancelled,,
Smiles Dental,Dentist,https://www.smilesdentalhartford.com/,(860) 263-8544,Dr. Chandra,,6/3/25,6/13/25,Scheduled,,
Hanna & Mazer Dental Group,Dentist,http://www.hannaandmazer.com/,(203) 348-3756,Dr. Leon Hanna and Dr. Kayla Mazer,,6/5/25,6/5/25,Cancelled,,
Esthetic Dental Group of Westport: Dr. Steven Regenstein,Dentist,https://www.edgw.us/,(475) 284-8705,Dr. Steven Regenstein,,6/17/25,6/25/25,Cancelled,,
"West Hartford Dental Associates - Dentist in West Hartford, CT",Dentist,https://smartdentalnetwork.com/location/west-hartford-dental-associates/,(860) 561-4378,Dr. Nathan Berry,,,6/3/25,Ran,,
Comprehensive Dental Group,Dentist,http://www.compdentalgroup.com/,(203) 359-3296,Dr. Pogosian,,7/17/25,8/18/25,Scheduled,,
Center For Dental Excellence,Dentist,https://www.ctcde.com/,(860) 521-7129,Lawrence S. Christian,,6/16/25,6/26/25,Scheduled,,
Hill Eye Associates,Dentist,https://www.stamforddentalarts.com/,(978) 957-4750,Dr. Mike Hill,,7/16/25,7/31/25,Cancelled,,
Stamford Dental Group,Dentist,https://stamforddentalgroup.com/,(203) 325-4700,Jack DeGrado,,5/21/25,6/9/25,Cancelled,,
MilleniuM Dental,Dentist,https://www.smiledesignboston.com/,(617) 426-5662,Dr. Ernest Yazigi,,7/22/25,8/7/25,Scheduled,,
Limited to Endodontics,Dentist,https://www.limitedtoendodontics.com/,(781) 863-5700,Dr. Alvin Arlen Krakow,8:00 AM,8/28/25,8/29/25,Scheduled,,
"Lexington Periodontics & Implantology, LLC",Dentist,http://www.lexingtonperiodontics.com/,(781) 861-7777,Dr. Zori Rabinovitz,4:30 PM,8/28/25,1/25/25,Scheduled,,
Siobhan Collins,Dermatologist,https://skinsurgeryct.com/,(860) 676-1900,Dr. Collins,,4/18/25,5/7/25,Ran,,
Nortey Dental,DPC,http://www.patriotdirectfm.com,(207) 646-5297,Dr. Nii Lokko,,7/24/25,8/13/25,Scheduled,,
Advance Biomedical Treatment,DPC,https://www.advbiomedtx.com/,(860) 242-2200,"Eileen C. Comia, M.D.",,4/28/25,5/8/25,Cancelled,,
"Jeffrey H. Weinberger, MD",DPC,http://www.jeffreyweinbergermd.com/,(203) 637-0072,Jeffrey Weinberger,,7/18/25,8/12/25,Scheduled,,
"Dr. Rochelle L. Collins, MD",DPC,http://livingwellprimarycare.com/,(860) 206-2122,Dr. Rochelle Collins,,4/28/25,5/7/25,Cancelled,,
Beacon Eye Care,DPC,https://www.personalhealthmd.com/,(207) 284-4231,Dr. Janet C. Whelan,,7/25/25,8/7/25,Scheduled,,
"Center for Varicose Veins - Dr. Vinay Madan, MD, DABVLM",DPC,https://www.centerforvaricoseveins.com/,(203) 762-6365,"Vinay Madan, MD",,7/18/25,7/29/25,Ran,,
"Personal Physicians of Connecticut, LLC",DPC,http://www.ppcmedical.com/,(203) 968-9500,"Frederick B. Slogoff, M.D.",,7/18/25,7/28/25,Cancelled,,
"Dr. Kerri Stasiak, ND",DPC,https://drkerristasiak.com/,(203) 642-3799,Dr. Kerri Stasiak,,7/18/25,7/29/25,Cancelled,,
"Steven Murphy, MD",DPC,http://conciergemedical.ai/,(203) 646-1188,Dr. Steven Murphy,,7/18/25,7/31/25,Ran,,
3D Medical Concierge,DPC,http://www.3dmedicalconcierge.com/,(617) 481-6905,Ivi Kasimati,,4/28/25,5/6/25,Ran,,
Fairfield Medical Group LLC/my chart,DPC,https://www.fairfieldmedicalgroup.com/contact,(203) 255-8827,Peter C. Tortora,,7/18/25,7/30/25,Cancelled,,
Oronoque Eye Care Inc.,DPC,https://cpwdocs.com,(203) 377-3937,Dr. Kurt J. Tichy,,7/18/25,8/4/25,Scheduled,,
SeeBeyond Medicine,DPC,https://seebeyondmedicine.com/locations/greenwich-ct/,(475) 303-7770,Joon Lee,,7/18/25,8/6/25,Scheduled,,
Glenville Medical Concierge Care,DPC,https://glenvillemedicalconciergecare.com/,(203) 531-1808,"Jeffrey S. Puglisi, MD",,7/18/25,7/30/25,Ran,,
New England Institute for Neurology and Headache,DPC,http://www.neinh.com/,(203) 914-1900,Peter McAllister,,7/18/25,7/29/25,Cancelled,,
Laura Futterman,DPC,https://www.stamfordnaturalhealth.com/,(203) 325-3535,Laura Futterman,,7/18/25,8/11/25,Scheduled,,
"Lawrence Leibowitz, MD",DPC,http://larryleibowitzmd.com/,(203) 920-1772,Larry Leibowitz,,7/18/25,7/31/25,Ran,,
Riverside Eye Center,DPC,https://www.exceptionalhealthmd.com/,(207) 786-2500,Dr. Martin Whitaker,,7/25/25,8/12/25,Scheduled,,
"Steven A Goldstein, O.D. - Casco Bay EyeCare",DPC,http://waylandpersonalphysicians.com/,(207) 773-2020,"Steven A. Goldstein, OD",,7/25/25,8/6/25,Scheduled,,
Bellus Beauty,Medspa,https://bellusbeautyspot.com,(475) 289-0635,Maria ,,5/7/25,5/12/25,Ran,,
Magnolia Health,Medspa,https://magnoliahealthct.com,(860) 866-4005,Dr. Stepney,,6/25/25,7/7/25,Ran,,
Omnia Aesthetics,Medspa,,(678) 394-9408,Zipporiah Hicks,,6/16/25,6/18/25,Ran,,
Savant Skin Aesthetics,Medspa,https://savantskinaesthetics.com,(413) 626-9270,JoAnne,,5/22/25,5/22/25,Ran,,
Intentional Self Aesthetics,Medspa,https://intentionalselfaesthetics.com/,(203) 594-1890,Dr. Alasio,,5/7/25,5/29/25,Ran,,
"Dr. Corinne de Cholnoky, MD",OBGYN,https://drdecholnoky.com/,(203) 325-9710,Dr. Corinne de Cholnoky,,6/5/25,6/25/25,Ran,checked,checked
The Elm,OBGYN,https://theelmgreenwich.com/,(203) 935-8454,Dr. Alicia Robbins,,6/5/25,6/18/25,Cancelled,,
Darien Eye Care,Optometrist,http://www.darieneyecare.com/,(203) 309-5155,Dr. Shefali Ahmadi,,5/20/25,6/11/25,Cancelled,,
Dr. Richard Stegen,Optometrist,https://advancedclinicaleyecare.com/,(603) 678-4759,Dr. Richard Stegen,,7/30/25,8/18/25,Scheduled,,
Eye Disease Consultants LLC,Optometrist,https://eyeconsultants.org/,(860) 549-2020,"Paul A. Gaudio, MD",,5/19/25,7/18/25,Cancelled,,
Look New Canaan,Optometrist,https://looknewcanaan.com/,(475) 558-6400,Jennifer Stewart,,5/20/25,6/9/25,Ran,,
"Fredric I. Smilen O.D., P.C.",Optometrist,http://smileneyes.com/,(203) 348-3937,Fredric I. Smilen,,5/20/25,6/17/25,Ran,,
Sight Studio LLC,Optometrist,https://www.sightstudioeye.com/,(860) 394-2004,Dr. Anna Ngo,,7/15/25,8/13/25,Ran,,
Gaze Optical,Optometrist,http://www.gazeoptical.com/,(617) 336-7486,Dr. Diane Ah-Kiné,,8/14/25,1/22/25,Scheduled,,
Norwalk Eyecare,Optometrist,http://www.norwalkeyecare.com/,(203) 853-1010,Dr. Mark Feder,,5/23/25,7/3/25,Cancelled,,
Stamford Family Vision Center,Optometrist,http://www.stamfordfamilyvision.com/,(203) 504-8488,Dr. Shanee Chandler,,5/20/25,6/16/25,Ran,,
Stamford Dental Arts,Optometrist,https://palozejeyecare.com/,(203) 504-8745,Dr. Ali Modiri,,7/17/25,8/7/25,Scheduled,,
PatriotDirect Family Medicine,Optometrist,https://www.baystateeyeleominster.com/,(508) 318-6941,"Jeffrey Wacks, MD",,7/23/25,8/5/25,Scheduled,,
Dr. Leonard Kundel DMD,Optometrist,http://www.copleyviewdental.com/,(203) 487-6020,Dr. Leonard Kundel,,7/22/25,8/7/25,Ran,,
Clear Horizon Eyecare,Optometrist,https://clearhorizoneyecare.com/,(860) 747-6443,Dr. Gary R. Maglio,,5/19/25,6/4/25,Ran,,
Norwalk Vision Center,Optometrist,http://www.norwalkvisioncenter.com/,(203) 866-3280,David Folman,,5/20/25,6/9/25,Ran,,
New Canaan Eye Associates,Optometrist,http://www.newcanaaneye.com/,(203) 966-9480,Dr. Rick Crolla,,5/20/25,6/10/25,Cancelled,,
"Wayland Personal Physicians | Jane Yu, Jonathan G. Smith & Frederic M. Goldman",Optometrist,https://app.acuityscheduling.com/schedule.php?owner=11465493&hl=en-US&gei=ihM3aOneK9_0kPIP6NGdqAY&source=cat,(508) 358-3300,"Frederic M. Goldman, MD",,7/23/25,8/4/25,Scheduled,,
Parrelli Optical Assembly,Optometrist,http://parrellioptical.com/,(617) 864-7005,John Parrelli,,5/27/25,6/18/25,Ran,,
deborah wayne od,Optometrist,https://www.deborahwayneod.com/,(617) 884-1222,Dr. Deborah Wayne,,5/27/25,6/10/25,Ran,,
Vision Consultants Of Stamford,Optometrist,http://visionconsultantsofstamford.com/,(203) 324-1606,Frank Castaldi,,5/20/25,6/9/25,Cancelled,,
Nashua Eye Associates,Optometrist,https://www.riverside-eye-center-maine.com/?y_source=1_MTEzMzg4ODYtNzE1LWxvY2F0aW9uLndlYnNpdGU%3D,(603) 882-9800,Faith A. Birnbaum,,7/30/25,1/21/25,Scheduled,,
Boston Eye Blink,Optometrist,http://arcadeoptical.com/,(617) 651-6662,Juan Ding - Jay,,7/23/25,8/1/25,Scheduled,,
Envision Optometry,Optometrist,https://www.envisionboston.com/,(617) 426-0100,Dr. Jaclyn Garlich,,5/27/25,6/11/25,Cancelled,,
Western Mass Eye Care and Eyewear Gallery,Optometrist,http://www.westernmasseyecare.com/,(413) 264-0600,Dr. Amy Camerota,,5/27/25,6/12/25,Cancelled,,
Dr. Doty & Associates,Optometrist,http://www.drwilliamdoty.com/,(203) 438-2840,Dr. William T. Doty,,5/23/25,6/20/25,Scheduled,,
Advanced Clinical Eyecare of Maine,Optometrist,https://www.stoughton-optical.com/,(207) 771-7968,"Dr. Mark S. Varnum, O.D.",,7/25/25,8/6/25,Scheduled,,
Silva Family Dentistry,Optometrist,http://mcaleareyecare.com/,(603) 569-9250,Dr. Shawn C. Silva,,7/25/25,8/7/25,Scheduled,,
Enfield Eye Care Associates,Optometrist,http://www.enfieldeyecare.com/,(860) 749-0757,Christopher Agro,,7/14/25,7/29/25,Scheduled,,
West End Eye Care,Optometrist,https://www.westendeyecare.com/,(860) 236-5831,Dr. Lauren Colite,,6/16/25,6/27/25,Cancelled,,
Bay State Eye Associates,Optometrist,http://www.burlingtonvisionassociatesinc.com/,(978) 537-2270,David Kahan,,7/23/25,8/6/25,Scheduled,,
Danberg Susan C OD,Optometrist,http://visiontherapydoctorconnecticut.com/,(860) 657-9189,Dr. Susan C. Danberg,,5/19/25,6/2/25,Cancelled,,
TotalVision Eyecare Center of Manchester,Optometrist,https://totalvisioneyecare.com/,(860) 649-3311,"Dr. Lance Alpert, O.D.",,6/3/25,6/12/25,Ran,,
Woodsville Eye Care Center,Optometrist,http://beaconeyecare.com/,(603) 747-3190,Dr. Kevin M. Stratton,,7/30/25,8/19/25,Scheduled,,
Tolland Eye Care,Optometrist,https://tollandeye.com/,(860) 871-6507,Dr. Castagna,,7/14/25,7/28/25,Ran,,
Brookline VisionHouse,Optometrist,http://www.brooklinevision.com/,(617) 738-6440,Dr. Kalish,,7/9/25,7/16/25,Ran,,
"Burlington Vision Associates, Inc.",Optometrist,http://www.orleneyecare.com/,(781) 272-9365,"Dr. Mark Traveis, O.D.",,7/15/25,7/31/25,Ran,,
East Boston Dental and Orthodontics,Optometrist,http://www.winchesteroptical.net/,(617) 569-2761,Patrick Assioun,,7/23/25,8/4/25,Scheduled,,
Central Square Eye Care,Optometrist,http://www.centralsquareeyecare.net/,(617) 497-2015,Dr. Geoff White,,5/19/25,6/5/25,Ran,,
"Phiyen H. Le, O.D.",Optometrist,http://www.centraleyenewton.com/,(617) 651-2393,Dr. Phiyen H. Le,,8/18/25,10/6/25,Scheduled,,
DR. CAI EYECARE CENTER,Optometrist,http://drcaieyecarecenter.com/,(860) 289-4848,Dr. Thu T. Cai,,5/19/25,6/4/25,Cancelled,,
Loveland Eye Care,Optometrist,https://www.lovelandeyecare.com/,(860) 635-3300,Dr. Loveland,,7/15/25,7/29/25,Ran,,
Bay Breeze Dentistry,Optometrist,https://www.southshorevisioncare.com/,(603) 605-8837,Dr. Carmen Santana-Paine,,7/25/25,8/4/25,Scheduled,,
Personal Health MD,Optometrist,http://www.winchesteroptical.net/,(617) 585-1500,Dr. Richard Donahue,,7/23/25,8/4/25,Scheduled,,
"Xinsheng Zhu, Optometrist",Optometrist,http://www.maldeneyecare.net/,(617) 969-0268,Xinsheng Zhu,,8/14/25,1/21/25,Ran,,
Sound Beach Optiks,Optometrist,https://www.soundbeachoptiks.com/,(203) 637-3120,Frank Poe,,5/20/25,6/9/25,Ran,,
Total Vision,Optometrist,https://eyecarect.com/,(860) 666-7053,Mitchel Strand,,5/19/25,6/2/25,Ran,,
Waverley Eye Care,Optometrist,https://www.anchoreyecenter.com/,(617) 489-3790,Gavin Zuchlinski,,7/14/25,7/31/25,Ran,,
Kelly Family Eyecare,Optometrist,http://www.kellyfamilyeyecarect.com/,(860) 870-5822,Dr. Abby Kelly,,5/19/25,6/4/25,Cancelled,,
The Optical House,Optometrist,http://www.theopticalhouse.com/,(781) 245-3135,Dr. Peter Violette,,5/27/25,6/11/25,Scheduled,,
"Emily Eye Care, LLC",Optometrist,https://www.emilyeye.com/,(860) 749-1233,Dr. Lily Yeh,,7/15/25,8/7/25,Scheduled,,
Pro Optical,Optometrist,http://portlandeyecare.net/,(603) 298-5517,Jeff LaClair,,7/30/25,1/20/25,Scheduled,,
"Area Dental Services Claremont, NH",Optometrist,https://lafreniereeyecare.com/,(603) 647-8247,"Dr. Jack H. Weaver, DDS",,7/31/25,1/18/25,Scheduled,,
Dr. Scott Sylvia,Optometrist,http://www.drscottsylvia.com/,(617) 864-5094,Dr. Scott Sylvia,,5/28/25,6/18/25,Ran,,
"Dr. Shreya Patel, Optometrist",Optometrist,http://www.drshreyapatel.net/,(203) 557-8426,Dr Shreya Patel,,5/23/25,6/5/25,Cancelled,,
Swan Vision Optometry,Optometrist,http://swanvisionoptometry.com/,(860) 785-8176,Edmund Swan,,6/3/25,6/18/25,Ran,checked,
Burlington Optometric Associates,Optometrist,https://www.natickeyeassociates.com/hours-location/location-burlington-optometric-associates/,(781) 229-0909,Dr. Stewart Ginsberg,,6/4/25,6/4/25,Scheduled,,
Lexington eye care,Optometrist,https://www.drzhangeyecare.com/,(781) 676-2020,Dr. Richard Yilin Zhang,,8/18/25,1/5/25,Ran,checked,checked
Center For Eye Health Inc,Optometrist,http://www.burlingtonvisionassociatesinc.com/,(508) 584-2100,Paul E. Beade,,7/23/25,8/6/25,Scheduled,,
Dostal Eye Care,Optometrist,http://dostaleyecare.com/,(413) 527-9284,Dr. Dostal,,5/28/25,7/18/25,Ran,,
West Newton Dental Associates,Optometrist,http://www.hilleye.com/,(617) 379-6112,Dr. Joseph Lee,,7/23/25,8/5/25,Scheduled,,
Coastal Eye,Optometrist,https://www.coastaleyesurgeons.com/,(203) 318-6522,Omar Shakir,,5/21/25,6/9/25,Ran,,
Portland Eyecare,Optometrist,http://www.cannoneyecare.com/,(207) 253-5333,Dr. Leah Grotton and Dr. Alex Grotton,,7/25/25,8/6/25,Scheduled,,
Eye Care East,Optometrist,https://eyecareeast.com/,(508) 879-0980,Dr. Marc A. Foner,,6/4/25,6/25/25,Ran,,
Family Eye Care,Optometrist,http://www.aaeyecare.com/,(207) 284-4560,Dr. Juliann Kandra,,7/25/25,8/8/25,Scheduled,,
Exceptional Health,Optometrist,http://www.hilleye.com/,(781) 772-5500,"Kate Isselbacher, MD",,7/23/25,8/5/25,Scheduled,,
Dr. Anthony Fusco & Associates,Optometrist,http://www.hopevisionnh.com/,(603) 888-1620,Dr. Anthony Fusco,,7/31/25,8/18/25,Scheduled,,
Prudhomme Vision,Optometrist,https://www.prudhommevision.com/,(860) 644-3364,Jeremy Prudhomme,,5/19/25,6/4/25,Ran,,
"Everett B. Sabree, OD",Optometrist,https://www.dartmouthvision.com/our-practice.html,(617) 266-8188,Everett Sabree,,5/27/25,6/12/25,Cancelled,,
Concord Family Vision,Optometrist,http://cascobayeye.com/doctors-and-staff/,(603) 225-2512,Dr. Christopher Udina,,7/30/25,1/18/25,Scheduled,,
Granby Family Eye Care LLC,Optometrist,http://www.drmoffa.com/,(860) 653-7440,Dr. Frederick Moffa,,7/14/25,7/30/25,Ran,checked,
Eye Doctors - Deep River,Optometrist,https://www.cteyedoctors.com/,(860) 526-3937,Monya Elgart,,7/15/25,7/29/25,Cancelled,,
Brookfield Vision,Optometrist,https://brookfieldvisioncare.com,(203) 775-1209,Dr. Schramm,,4/7/25,4/14/25,Ran,,
"Hope Vision, PLLC",Optometrist,https://www.familyeyecaresaco.com/,(603) 224-0971,Dr. Catherine Radakovic,,7/30/25,,Scheduled,,
Norwich Optometry,Optometrist,http://www.norwich-optometry.com/,(860) 886-1155,Dr. Jennifer Capstick,,6/3/25,7/9/25,Ran,,
Sacopee Valley Eye Care,Optometrist,https://bostoneyeblink.com/,(207) 625-3700,Dr. John A. DuBois,,7/25/25,8/1/25,Scheduled,,
New Insight Family EyeCare Prospect,Optometrist,https://newinsighteyecare.com/?utm_source=organic&utm_medium=gmb&utm_campaign=prospect_listing,(203) 758-4447,Dr. Fabian Villacis,,5/19/25,6/6/25,Cancelled,,
Cobb Corner Eye Care,Optometrist,http://arcadeoptical.com/,(781) 344-3335,Daniel Thurm,,7/23/25,8/1/25,Scheduled,,
"Michael Lakher, OD",Optometrist,http://arcadeoptical.com/,(617) 232-9200,Dr. Michael Lakher,,5/28/25,6/9/25,Ran,,
The Perio Studio,Optometrist,https://oronoqueeyecare.com/,(617) 523-2459,Irina Dragan,,7/15/25,7/31/25,Cancelled,,
Central Square Smiles,Optometrist,https://app.acuityscheduling.com/schedule.php?owner=11465493&hl=en-US&gei=ihM3aOneK9_0kPIP6NGdqAY&source=cat,(617) 569-3131,Dr. Bhalla,,7/23/25,8/4/25,Scheduled,,
Kemp Eyecare,Optometrist,https://www.kempeyecare.com/,(860) 236-0896,Neil W. Kemp,,7/15/25,7/30/25,Cancelled,,
Cannon Eyecare,Optometrist,https://www.baystateeyeleominster.com/,(617) 323-0200,Dr. Cari Cannon,,7/23/25,8/5/25,Scheduled,,
Lexington eye care,Optometrist,https://www.drzhangeyecare.com/,(781) 676-2020,Dr. Richard Yilin Zhang,12:00 PM,8/28/25,1/26/25,Ran,checked,checked
"Phiyen H. Le, O.D.",Optometrist,http://www.centraleyenewton.com/,(617) 651-2393,Dr. Phiyen H. Le,1:00 PM,8/28/25,1/29/25,Scheduled,,
Gaze Optical,Optometrist,http://www.gazeoptical.com/,(617) 336-7486,Dr. Diane Ah-Kiné,12:30 PM,8/28/25,1/22/25,Cancelled,,
"Xinsheng Zhu, Optometrist",Optometrist,http://www.maldeneyecare.net/,(617) 969-0268,Xinsheng Zhu,3:00 PM,8/28/25,1/21/25,Ran,,
D-Fine Mind & Body Wellness,Weight Loss Clinic,https://www.dfinewellnesscenter.com/,(860) 916-0252,Joe Carabase,,5/1/25,5/9/25,Cancelled,,
WeightLoss Boston - Sadkhin Complex,Weight Loss Clinic,http://www.weightlossboston.com/,(617) 277-8844,Dr. Shalva Nash,,4/30/25,5/8/25,Ran,,
Arena Care and Wellness,Weight Loss Clinic,http://www.arenacare.org/,(617) 513-8568,Omkar Vaidya,,4/30/25,5/14/25,Ran,,
"Diabetes and Weight Loss Center of Northeast CT, LLC",Weight Loss Clinic,https://ctweightloss.net/,(860) 928-1111,Raja Fattaleh,,5/1/25,5/13/25,Ran,,
Acupuncture Boston - HolliBalance Well-being Center,Weight Loss Clinic,https://www.yourhealthandlongevity.com/,(617) 344-1441,Dr. Yi Song,,5/1/25,5/2/25,Cancelled,,
Fit and Trim Weight Loss Clinic,Weight Loss Clinic,https://www.fat-rx.com/,(781) 630-4380,Monique Jones,,4/30/25,5/9/25,Cancelled,,
Connecticut Secret for Weight Loss,Weight Loss Clinic,https://ctfatloss.com/,(860) 430-2626,none,,4/29/25,5/8/25,Cancelled,,
Commonwealth Weight Loss Center,Weight Loss Clinic,http://commonweight.com/,(781) 418-1900,Dr. Andras Sandor,,5/1/25,5/8/25,Cancelled,,
Middlesex Health Surgical Alliance - Middletown,Weight Loss Clinic,http://middlesexhealth.org/location-finder/middlesex-health-surgical-alliance-middletown,(860) 358-2850,"Jonathan S. Aranow, MD",,4/29/25,5/8/25,Cancelled,,
"Lawrence Leibowitz, MD",Concierge Medicine,http://larryleibowitzmd.com/,(203) 920-1772,Larry Leibowitz,1:00 PM,8/29/25,9/24/25,Scheduled,,
Internal Medicine of Stamford: Radin David M MD,Concierge Medicine,http://www.davidradinmd.com/,(203) 359-4888,David Radin,11:15 AM,8/29/25,1/12/25,Scheduled,,
Luxe Level Aesthetics,Concierge Medicine,https://www.luxelevelaesthetics.com/,(203) 733-0629,Jennifer Armstrong,12:00 PM,8/29/25,1/8/25,Scheduled,,
Dr. Katelyn Lieb - Naturopathic Doctor,Functional Medicine,https://www.drkatelynlieb.com/,(203) 703-9033,Dr. Katelyn Lieb,,8/29/25,,Scheduled,,
"Lawrence Leibowitz, MD",Concierge Medicine,http://larryleibowitzmd.com/,(203) 920-1772,Larry Leibowitz,1:00 PM,8/29/25,9/24/25,Scheduled,,
Internal Medicine of Stamford: Radin David M MD,Concierge Medicine,http://www.davidradinmd.com/,(203) 359-4888,David Radin,11:15 AM,8/29/25,1/12/25,Scheduled,,